file	source_url
balcony-oceanfront-view.jpg	https://vsaresorts.com/wp-content/uploads/2022/04/IMG_8931.jpg
balcony-ocean-view-cloudy.jpg	https://vsaresorts.com/wp-content/uploads/2022/04/IMG_9393.jpg
exterior-boardwalk-tower.jpg	https://vsaresorts.com/wp-content/uploads/2022/04/DJI_0842.jpg
exterior-aerial-oceanfront-sunset.jpg	https://vsaresorts.com/wp-content/uploads/2022/04/DJI_0821.jpg
exterior-entrance-sign.jpg	https://vsaresorts.com/wp-content/uploads/2022/04/DJI_0676.jpg
exterior-aerial-tower-sign-ocean.jpg	https://vsaresorts.com/wp-content/uploads/2022/04/DJI_0654.jpg
aerial-beach-coastline.jpg	https://vsaresorts.com/wp-content/uploads/2022/04/DJI_0860.jpg
pool-indoor-retractable-roof.jpg	https://vsaresorts.com/wp-content/uploads/2022/04/IMG_8784.jpg
pool-indoor-wide.jpg	https://vsaresorts.com/wp-content/uploads/2022/04/IMG_8791.jpg
pool-indoor-hot-tub.jpg	https://vsaresorts.com/wp-content/uploads/2022/04/IMG_8798.jpg
bedroom-renovated-ocean-window.jpg	https://vsaresorts.com/wp-content/uploads/2022/04/107_IMG_8909.jpg
bedroom-renovated-wave-art.jpg	https://vsaresorts.com/wp-content/uploads/2022/04/107_IMG_8903.jpg
suite-kitchen-renovated.jpg	https://vsaresorts.com/wp-content/uploads/2022/04/IMG_8884.jpg
suite-living-renovated.jpg	https://vsaresorts.com/wp-content/uploads/2022/04/IMG_8883.jpg
suite-living-dining-renovated.jpg	https://vsaresorts.com/wp-content/uploads/2022/04/IMG_8877.jpg
suite-kitchen-living-renovated.jpg	https://vsaresorts.com/wp-content/uploads/2022/04/IMG_8875.jpg
suite-living-sofa-renovated.jpg	https://vsaresorts.com/wp-content/uploads/2022/04/IMG_8869.jpg
bedroom-oceanfront-classic.jpg	https://vsaresorts.com/wp-content/uploads/2022/04/405_IMG_9376.jpg
bedroom-classic.jpg	https://vsaresorts.com/wp-content/uploads/2022/04/IMG_9390.jpg
suite-kitchen-classic.jpg	https://vsaresorts.com/wp-content/uploads/2022/04/IMG_9371.jpg
suite-living-dining-classic.jpg	https://vsaresorts.com/wp-content/uploads/2022/04/IMG_9364.jpg
suite-living-ocean-window-classic.jpg	https://vsaresorts.com/wp-content/uploads/2022/04/IMG_9355.jpg
bedroom-blue-wall-ocean.jpg	https://vsaresorts.com/wp-content/uploads/2022/04/205_IMG_8941.jpg
bedroom-tv-dresser.jpg	https://vsaresorts.com/wp-content/uploads/2022/04/IMG_8945.jpg
suite-living-blue-classic.jpg	https://vsaresorts.com/wp-content/uploads/2022/04/IMG_8934.jpg
suite-dining-classic.jpg	https://vsaresorts.com/wp-content/uploads/2022/04/IMG_8922.jpg
suite-kitchen-wood-classic.jpg	https://vsaresorts.com/wp-content/uploads/2022/04/IMG_8916.jpg
suite-living-dining-ocean.jpg	https://vsaresorts.com/wp-content/uploads/2022/04/IMG_8914.jpg
bedroom-blue-ocean.jpg	https://vsaresorts.com/wp-content/uploads/2022/04/205_IMG_8937.jpg
bath-vanity-tub.jpg	https://vsaresorts.com/wp-content/uploads/2022/04/IMG_9344.jpg
bath-jacuzzi-tub.jpg	https://vsaresorts.com/wp-content/uploads/2022/04/IMG_8925.jpg
